vector_class,lambda_index,lambda_m,gap_index,gap_m,harmonic,quadrature,value_N_m
TOTAL,REFERENCE,+1.00000000000000002e-03,0,+1.00000000000000005e-04,2,RE,-4.43475066767089559e-29
TOTAL,REFERENCE,+1.00000000000000002e-03,0,+1.00000000000000005e-04,2,IM,+3.90990910640268120e-13
TOTAL,REFERENCE,+1.00000000000000002e-03,0,+1.00000000000000005e-04,4,RE,+7.51146617955376328e-30
TOTAL,REFERENCE,+1.00000000000000002e-03,0,+1.00000000000000005e-04,4,IM,+2.99593822084797796e-13
TOTAL,REFERENCE,+1.00000000000000002e-03,0,+1.00000000000000005e-04,6,RE,-2.30986100818585118e-29
TOTAL,REFERENCE,+1.00000000000000002e-03,0,+1.00000000000000005e-04,6,IM,+1.92155326954757730e-13
TOTAL,REFERENCE,+1.00000000000000002e-03,1,+1.21152765862858885e-04,2,RE,-4.62064635182061801e-29
TOTAL,REFERENCE,+1.00000000000000002e-03,1,+1.21152765862858885e-04,2,IM,+3.90091484995780425e-13
TOTAL,REFERENCE,+1.00000000000000002e-03,1,+1.21152765862858885e-04,4,RE,-5.32847331161918573e-29
TOTAL,REFERENCE,+1.00000000000000002e-03,1,+1.21152765862858885e-04,4,IM,+2.98469421889945856e-13
TOTAL,REFERENCE,+1.00000000000000002e-03,1,+1.21152765862858885e-04,6,RE,-1.45785069515086012e-29
TOTAL,REFERENCE,+1.00000000000000002e-03,1,+1.21152765862858885e-04,6,IM,+1.91159683909856293e-13
TOTAL,REFERENCE,+1.00000000000000002e-03,2,+1.46779926762206892e-04,2,RE,+2.57008254672359928e-29
TOTAL,REFERENCE,+1.00000000000000002e-03,2,+1.46779926762206892e-04,2,IM,+3.89005494476660295e-13
TOTAL,REFERENCE,+1.00000000000000002e-03,2,+1.46779926762206892e-04,4,RE,-4.02032665566066879e-29
TOTAL,REFERENCE,+1.00000000000000002e-03,2,+1.46779926762206892e-04,4,IM,+2.97113702553920089e-13
TOTAL,REFERENCE,+1.00000000000000002e-03,2,+1.46779926762206892e-04,6,RE,-3.21335955467114328e-29
TOTAL,REFERENCE,+1.00000000000000002e-03,2,+1.46779926762206892e-04,6,IM,+1.89961011776571999e-13
TOTAL,REFERENCE,+1.00000000000000002e-03,3,+1.77827941003892270e-04,2,RE,-5.94841664584455526e-29
TOTAL,REFERENCE,+1.00000000000000002e-03,3,+1.77827941003892270e-04,2,IM,+3.87695169829062301e-13
TOTAL,REFERENCE,+1.00000000000000002e-03,3,+1.77827941003892270e-04,4,RE,-4.77266007249732954e-29
TOTAL,REFERENCE,+1.00000000000000002e-03,3,+1.77827941003892270e-04,4,IM,+2.95480720313889386e-13
TOTAL,REFERENCE,+1.00000000000000002e-03,3,+1.77827941003892270e-04,6,RE,-3.91845864227562696e-29
TOTAL,REFERENCE,+1.00000000000000002e-03,3,+1.77827941003892270e-04,6,IM,+1.88519818045526951e-13
TOTAL,REFERENCE,+1.00000000000000002e-03,4,+2.15443469003188449e-04,2,RE,-4.29677221960022115e-29
TOTAL,REFERENCE,+1.00000000000000002e-03,4,+2.15443469003188449e-04,2,IM,+3.86115521579196108e-13
TOTAL,REFERENCE,+1.00000000000000002e-03,4,+2.15443469003188449e-04,4,RE,-2.70874476881710513e-29
TOTAL,REFERENCE,+1.00000000000000002e-03,4,+2.15443469003188449e-04,4,IM,+2.93516161140952252e-13
TOTAL,REFERENCE,+1.00000000000000002e-03,4,+2.15443469003188449e-04,6,RE,-1.73233148235219194e-29
TOTAL,REFERENCE,+1.00000000000000002e-03,4,+2.15443469003188449e-04,6,IM,+1.86789803417264198e-13
TOTAL,REFERENCE,+1.00000000000000002e-03,5,+2.61015721568253574e-04,2,RE,-6.75788287923979225e-29
TOTAL,REFERENCE,+1.00000000000000002e-03,5,+2.61015721568253574e-04,2,IM,+3.84213154808032028e-13
TOTAL,REFERENCE,+1.00000000000000002e-03,5,+2.61015721568253574e-04,4,RE,-5.21037959647464964e-30
TOTAL,REFERENCE,+1.00000000000000002e-03,5,+2.61015721568253574e-04,4,IM,+2.91156164092348225e-13
TOTAL,REFERENCE,+1.00000000000000002e-03,5,+2.61015721568253574e-04,6,RE,-2.09759652570149583e-29
TOTAL,REFERENCE,+1.00000000000000002e-03,5,+2.61015721568253574e-04,6,IM,+1.84717094320259479e-13
TOTAL,REFERENCE,+1.00000000000000002e-03,6,+3.16227766016837939e-04,2,RE,-4.00287744390163352e-29
TOTAL,REFERENCE,+1.00000000000000002e-03,6,+3.16227766016837939e-04,2,IM,+3.81924980196146757e-13
TOTAL,REFERENCE,+1.00000000000000002e-03,6,+3.16227766016837939e-04,4,RE,-6.22519292025580178e-29
TOTAL,REFERENCE,+1.00000000000000002e-03,6,+3.16227766016837939e-04,4,IM,+2.88326146542352670e-13
TOTAL,REFERENCE,+1.00000000000000002e-03,6,+3.16227766016837939e-04,6,RE,-3.18536166148522793e-29
TOTAL,REFERENCE,+1.00000000000000002e-03,6,+3.16227766016837939e-04,6,IM,+1.82239590006884799e-13
TOTAL,REFERENCE,+1.00000000000000002e-03,7,+3.83118684955728529e-04,2,RE,-6.48060994356074963e-29
TOTAL,REFERENCE,+1.00000000000000002e-03,7,+3.83118684955728529e-04,2,IM,+3.79176858804177634e-13
TOTAL,REFERENCE,+1.00000000000000002e-03,7,+3.83118684955728529e-04,4,RE,-5.66371151134847286e-29
TOTAL,REFERENCE,+1.00000000000000002e-03,7,+3.83118684955728529e-04,4,IM,+2.84939729615861121e-13
TOTAL,REFERENCE,+1.00000000000000002e-03,7,+3.83118684955728529e-04,6,RE,-3.69934961842839959e-29
TOTAL,REFERENCE,+1.00000000000000002e-03,7,+3.83118684955728529e-04,6,IM,+1.79286551273487986e-13
TOTAL,REFERENCE,+1.00000000000000002e-03,8,+4.64158883361277732e-04,2,RE,-1.22917696713569012e-28
TOTAL,REFERENCE,+1.00000000000000002e-03,8,+4.64158883361277732e-04,2,IM,+3.75882247322544490e-13
TOTAL,REFERENCE,+1.00000000000000002e-03,8,+4.64158883361277732e-04,4,RE,-2.94983667697650735e-29
TOTAL,REFERENCE,+1.00000000000000002e-03,8,+4.64158883361277732e-04,4,IM,+2.80897915418945849e-13
TOTAL,REFERENCE,+1.00000000000000002e-03,8,+4.64158883361277732e-04,6,RE,-2.98312231665926318e-29
TOTAL,REFERENCE,+1.00000000000000002e-03,8,+4.64158883361277732e-04,6,IM,+1.75778614663628662e-13
TOTAL,REFERENCE,+1.00000000000000002e-03,9,+5.62341325190349097e-04,2,RE,+2.55234673404320629e-29
TOTAL,REFERENCE,+1.00000000000000002e-03,9,+5.62341325190349097e-04,2,IM,+3.71940951780277836e-13
TOTAL,REFERENCE,+1.00000000000000002e-03,9,+5.62341325190349097e-04,4,RE,-3.92393508523401897e-29
TOTAL,REFERENCE,+1.00000000000000002e-03,9,+5.62341325190349097e-04,4,IM,+2.76088738772197286e-13
TOTAL,REFERENCE,+1.00000000000000002e-03,9,+5.62341325190349097e-04,6,RE,-3.38854070515434304e-29
TOTAL,REFERENCE,+1.00000000000000002e-03,9,+5.62341325190349097e-04,6,IM,+1.71628487394706564e-13
TOTAL,REFERENCE,+1.00000000000000002e-03,10,+6.81292069057960856e-04,2,RE,-4.10468641191437994e-29
TOTAL,REFERENCE,+1.00000000000000002e-03,10,+6.81292069057960856e-04,2,IM,+3.67238153721987671e-13
TOTAL,REFERENCE,+1.00000000000000002e-03,10,+6.81292069057960856e-04,4,RE,-4.29036342768235995e-29
TOTAL,REFERENCE,+1.00000000000000002e-03,10,+6.81292069057960856e-04,4,IM,+2.70387706932505199e-13
TOTAL,REFERENCE,+1.00000000000000002e-03,10,+6.81292069057960856e-04,6,RE,-2.59512196820006545e-29
TOTAL,REFERENCE,+1.00000000000000002e-03,10,+6.81292069057960856e-04,6,IM,+1.66742662114158086e-13
TOTAL,REFERENCE,+1.00000000000000002e-03,11,+8.25404185268018118e-04,2,RE,-1.52336054719441548e-30
TOTAL,REFERENCE,+1.00000000000000002e-03,11,+8.25404185268018118e-04,2,IM,+3.61643945879240865e-13
TOTAL,REFERENCE,+1.00000000000000002e-03,11,+8.25404185268018118e-04,4,RE,-3.40764975648874378e-29
TOTAL,REFERENCE,+1.00000000000000002e-03,11,+8.25404185268018118e-04,4,IM,+2.63659450121982428e-13
TOTAL,REFERENCE,+1.00000000000000002e-03,11,+8.25404185268018118e-04,6,RE,-4.06205350530251114e-29
TOTAL,REFERENCE,+1.00000000000000002e-03,11,+8.25404185268018118e-04,6,IM,+1.61024579309070825e-13
TOTAL,REFERENCE,+1.00000000000000002e-03,12,+1.00000000000000002e-03,2,RE,-8.61639162395129744e-29
TOTAL,REFERENCE,+1.00000000000000002e-03,12,+1.00000000000000002e-03,2,IM,+3.55013704995960302e-13
TOTAL,REFERENCE,+1.00000000000000002e-03,12,+1.00000000000000002e-03,4,RE,-2.95908037146882727e-29
TOTAL,REFERENCE,+1.00000000000000002e-03,12,+1.00000000000000002e-03,4,IM,+2.55761126626099513e-13
TOTAL,REFERENCE,+1.00000000000000002e-03,12,+1.00000000000000002e-03,6,RE,-2.88582017883593784e-29
TOTAL,REFERENCE,+1.00000000000000002e-03,12,+1.00000000000000002e-03,6,IM,+1.54379741685652993e-13
TOTAL,REFERENCE,+1.00000000000000002e-03,13,+1.21152765862858765e-03,2,RE,+1.08904351835632449e-29
TOTAL,REFERENCE,+1.00000000000000002e-03,13,+1.21152765862858765e-03,2,IM,+3.47189734960706383e-13
TOTAL,REFERENCE,+1.00000000000000002e-03,13,+1.21152765862858765e-03,4,RE,-3.02974983933382781e-29
TOTAL,REFERENCE,+1.00000000000000002e-03,13,+1.21152765862858765e-03,4,IM,+2.46548241681413331e-13
TOTAL,REFERENCE,+1.00000000000000002e-03,13,+1.21152765862858765e-03,6,RE,-6.65358195531505408e-30
TOTAL,REFERENCE,+1.00000000000000002e-03,13,+1.21152765862858765e-03,6,IM,+1.46723317460587819e-13
TOTAL,REFERENCE,+1.00000000000000002e-03,14,+1.46779926762206914e-03,2,RE,-4.78684368311953998e-29
TOTAL,REFERENCE,+1.00000000000000002e-03,14,+1.46779926762206914e-03,2,IM,+3.38004724983099217e-13
TOTAL,REFERENCE,+1.00000000000000002e-03,14,+1.46779926762206914e-03,4,RE,+3.95031547670630653e-30
TOTAL,REFERENCE,+1.00000000000000002e-03,14,+1.46779926762206914e-03,4,IM,+2.35883616205392930e-13
TOTAL,REFERENCE,+1.00000000000000002e-03,14,+1.46779926762206914e-03,6,RE,-2.16098006328704126e-29
TOTAL,REFERENCE,+1.00000000000000002e-03,14,+1.46779926762206914e-03,6,IM,+1.37990706405666520e-13
TOTAL,REFERENCE,+1.00000000000000002e-03,15,+1.77827941003892275e-03,2,RE,-2.11061510240473103e-29
TOTAL,REFERENCE,+1.00000000000000002e-03,15,+1.77827941003892275e-03,2,IM,+3.27287666824320383e-13
TOTAL,REFERENCE,+1.00000000000000002e-03,15,+1.77827941003892275e-03,4,RE,-1.46784547250235300e-29
TOTAL,REFERENCE,+1.00000000000000002e-03,15,+1.77827941003892275e-03,4,IM,+2.23650223445043443e-13
TOTAL,REFERENCE,+1.00000000000000002e-03,15,+1.77827941003892275e-03,6,RE,-2.41087729846033351e-29
TOTAL,REFERENCE,+1.00000000000000002e-03,15,+1.77827941003892275e-03,6,IM,+1.28151307526011985e-13
TOTAL,REFERENCE,+1.00000000000000002e-03,16,+2.15443469003188210e-03,2,RE,-3.51162806155133686e-29
TOTAL,REFERENCE,+1.00000000000000002e-03,16,+2.15443469003188210e-03,2,IM,+3.14872929637579797e-13
TOTAL,REFERENCE,+1.00000000000000002e-03,16,+2.15443469003188210e-03,4,RE,-1.95385585687767260e-29
TOTAL,REFERENCE,+1.00000000000000002e-03,16,+2.15443469003188210e-03,4,IM,+2.09768413382034406e-13
TOTAL,REFERENCE,+1.00000000000000002e-03,16,+2.15443469003188210e-03,6,RE,-3.44447047490117898e-29
TOTAL,REFERENCE,+1.00000000000000002e-03,16,+2.15443469003188210e-03,6,IM,+1.17225222318400605e-13
TOTAL,REFERENCE,+1.00000000000000002e-03,17,+2.61015721568253574e-03,2,RE,-7.48362001212392369e-29
TOTAL,REFERENCE,+1.00000000000000002e-03,17,+2.61015721568253574e-03,2,IM,+3.00613150268441282e-13
TOTAL,REFERENCE,+1.00000000000000002e-03,17,+2.61015721568253574e-03,4,RE,-2.58521800062696658e-29
TOTAL,REFERENCE,+1.00000000000000002e-03,17,+2.61015721568253574e-03,4,IM,+1.94217550697508494e-13
TOTAL,REFERENCE,+1.00000000000000002e-03,17,+2.61015721568253574e-03,6,RE,-5.32437874983755392e-30
TOTAL,REFERENCE,+1.00000000000000002e-03,17,+2.61015721568253574e-03,6,IM,+1.05301750160957252e-13
TOTAL,REFERENCE,+1.00000000000000002e-03,18,+3.16227766016837939e-03,2,RE,-2.99214005941030028e-29
TOTAL,REFERENCE,+1.00000000000000002e-03,18,+3.16227766016837939e-03,2,IM,+2.84396391042566182e-13
TOTAL,REFERENCE,+1.00000000000000002e-03,18,+3.16227766016837939e-03,4,RE,-2.73183947046682611e-29
TOTAL,REFERENCE,+1.00000000000000002e-03,18,+3.16227766016837939e-03,4,IM,+1.77061170646311275e-13
TOTAL,REFERENCE,+1.00000000000000002e-03,18,+3.16227766016837939e-03,6,RE,-3.29176227861660882e-29
TOTAL,REFERENCE,+1.00000000000000002e-03,18,+3.16227766016837939e-03,6,IM,+9.25572225924174694e-14
TOTAL,REFERENCE,+1.00000000000000002e-03,19,+3.83118684955728508e-03,2,RE,-3.78848828953678158e-31
TOTAL,REFERENCE,+1.00000000000000002e-03,19,+3.83118684955728508e-03,2,IM,+2.66167563268918373e-13
TOTAL,REFERENCE,+1.00000000000000002e-03,19,+3.83118684955728508e-03,4,RE,-9.91501446613877416e-30
TOTAL,REFERENCE,+1.00000000000000002e-03,19,+3.83118684955728508e-03,4,IM,+1.58473304367681773e-13
TOTAL,REFERENCE,+1.00000000000000002e-03,19,+3.83118684955728508e-03,6,RE,-6.90970260926035196e-30
TOTAL,REFERENCE,+1.00000000000000002e-03,19,+3.83118684955728508e-03,6,IM,+7.92680557905555830e-14
TOTAL,REFERENCE,+1.00000000000000002e-03,20,+4.64158883361277721e-03,2,RE,+2.97289969873578978e-29
TOTAL,REFERENCE,+1.00000000000000002e-03,20,+4.64158883361277721e-03,2,IM,+2.45953336711735635e-13
TOTAL,REFERENCE,+1.00000000000000002e-03,20,+4.64158883361277721e-03,4,RE,-3.10663072192316486e-30
TOTAL,REFERENCE,+1.00000000000000002e-03,20,+4.64158883361277721e-03,4,IM,+1.38761654768425444e-13
TOTAL,REFERENCE,+1.00000000000000002e-03,20,+4.64158883361277721e-03,6,RE,-2.74560209839455440e-29
TOTAL,REFERENCE,+1.00000000000000002e-03,20,+4.64158883361277721e-03,6,IM,+6.58132254154851179e-14
TOTAL,REFERENCE,+1.00000000000000002e-03,21,+5.62341325190349097e-03,2,RE,-3.27017396642139084e-29
TOTAL,REFERENCE,+1.00000000000000002e-03,21,+5.62341325190349097e-03,2,IM,+2.23888618792456952e-13
TOTAL,REFERENCE,+1.00000000000000002e-03,21,+5.62341325190349097e-03,4,RE,+7.35506550145859114e-30
TOTAL,REFERENCE,+1.00000000000000002e-03,21,+5.62341325190349097e-03,4,IM,+1.18381087135751106e-13
TOTAL,REFERENCE,+1.00000000000000002e-03,21,+5.62341325190349097e-03,6,RE,-1.07368298767531676e-29
TOTAL,REFERENCE,+1.00000000000000002e-03,21,+5.62341325190349097e-03,6,IM,+5.26594566296605167e-14
TOTAL,REFERENCE,+1.00000000000000002e-03,22,+6.81292069057960834e-03,2,RE,-1.77333305860208797e-29
TOTAL,REFERENCE,+1.00000000000000002e-03,22,+6.81292069057960834e-03,2,IM,+2.00241242622624541e-13
TOTAL,REFERENCE,+1.00000000000000002e-03,22,+6.81292069057960834e-03,4,RE,-1.57682444837028190e-29
TOTAL,REFERENCE,+1.00000000000000002e-03,22,+6.81292069057960834e-03,4,IM,+9.79291151272986805e-14
TOTAL,REFERENCE,+1.00000000000000002e-03,22,+6.81292069057960834e-03,6,RE,-1.67549526502394902e-29
TOTAL,REFERENCE,+1.00000000000000002e-03,22,+6.81292069057960834e-03,6,IM,+4.03234876993782818e-14
TOTAL,REFERENCE,+1.00000000000000002e-03,23,+8.25404185268018183e-03,2,RE,-1.82842739339611307e-29
TOTAL,REFERENCE,+1.00000000000000002e-03,23,+8.25404185268018183e-03,2,IM,+1.75429919096449200e-13
TOTAL,REFERENCE,+1.00000000000000002e-03,23,+8.25404185268018183e-03,4,RE,+1.61043711515142335e-29
TOTAL,REFERENCE,+1.00000000000000002e-03,23,+8.25404185268018183e-03,4,IM,+7.81148686884942856e-14
TOTAL,REFERENCE,+1.00000000000000002e-03,23,+8.25404185268018183e-03,6,RE,-4.67894701174180152e-30
TOTAL,REFERENCE,+1.00000000000000002e-03,23,+8.25404185268018183e-03,6,IM,+2.93101317852778220e-14
TOTAL,REFERENCE,+1.00000000000000002e-03,24,+1.00000000000000002e-02,2,RE,-7.75681280221140155e-30
TOTAL,REFERENCE,+1.00000000000000002e-03,24,+1.00000000000000002e-02,2,IM,+1.50029093583696156e-13
TOTAL,REFERENCE,+1.00000000000000002e-03,24,+1.00000000000000002e-02,4,RE,+2.99067421390109593e-30
TOTAL,REFERENCE,+1.00000000000000002e-03,24,+1.00000000000000002e-02,4,IM,+5.96958943150011034e-14
TOTAL,REFERENCE,+1.00000000000000002e-03,24,+1.00000000000000002e-02,6,RE,+6.47855975110183379e-31
TOTAL,REFERENCE,+1.00000000000000002e-03,24,+1.00000000000000002e-02,6,IM,+2.00330830270619471e-14
